Detector;Detector-error;Extractor;Extractor-error;Matcher;Matcher-error;InputResolution;InputResolution-error;InputResolution-median;ProcessingResolution;ProcessingResolution-error;ProcessingResolution-median;DisplayFunction(ms);DisplayFunction(ms)-error;DisplayFunction(ms)-median;ObjectFound;ObjectFound-error;ObjectFound-median;AnalyzeSceneFrame(ms);AnalyzeSceneFrame(ms)-error;AnalyzeSceneFrame(ms)-median;AnalyzerProcess(ms);AnalyzerProcess(ms)-error;AnalyzerProcess(ms)-median;SceneKeypoints;SceneKeypoints-error;SceneKeypoints-median;ObjectKeypoints;ObjectKeypoints-error;ObjectKeypoints-median;GoodSceneKeypoints;GoodSceneKeypoints-error;GoodSceneKeypoints-median;GoodTrainKeypoints;GoodTrainKeypoints-error;GoodTrainKeypoints-median;Inliers;Inliers-error;Inliers-median;Outliers;Outliers-error;Outliers-median;InliersCalc(ms);InliersCalc(ms)-error;InliersCalc(ms)-median;DescriptorType;DescriptorType-error;DescriptorType-median;MatchingDescriptors(ms);MatchingDescriptors(ms)-error;MatchingDescriptors(ms)-median;PerspectiveTransform(ms);PerspectiveTransform(ms)-error;PerspectiveTransform(ms)-median;TrackerInitialize(ms);TrackerInitialize(ms)-error;TrackerInitialize(ms)-median;TrackerCorners;TrackerCorners-error;TrackerCorners-median;isInImage;isInImage-error;isInImage-median;isObjectInsideImage(ms);isObjectInsideImage(ms)-error;isObjectInsideImage(ms)-median;TrackingProcess(ms);TrackingProcess(ms)-error;TrackingProcess(ms)-median;Deviation;Deviation-error;Deviation-median;
AKAZE;;AKAZE;;BF;;336x252;;336x252;305x229;;305x229;813.41;133.01;748.42;1.00;1.00;true;487.25;87.86;441.60;810.46;133.04;746.60;157.00;0.00;157.00;161.00;0.00;161.00;161.00;0.00;161.00;161.00;0.00;161.00;20.00;0.00;20.00;141.00;0.00;141.00;327.03;72.37;299.51;binary;;binary;10.66;6.45;5.90;0.67;0.64;0.03;0.00;0.00;0.00;0.00;0.00;0.00;nill;;nill;0.00;0.00;0.00;0.00;0.00;0.00;10.00;0.00;10.00;
AKAZE;;AKAZE;;Flann;;336x252;;336x252;305x229;;305x229;863.89;165.06;732.95;0.72;0.72;true;507.34;109.71;417.43;861.78;165.25;731.23;157.00;0.00;157.00;161.00;0.00;161.00;161.00;0.00;161.00;161.00;0.00;161.00;15.00;6.00;16.00;146.00;6.00;145.00;335.92;66.10;285.64;binary;;binary;31.87;11.56;23.12;0.08;0.08;0.03;0.00;0.00;0.00;0.00;0.00;0.00;nill;;nill;0.00;0.00;0.00;0.00;0.00;0.00;10.00;0.00;10.00;
AKAZE;;BRIEF;;BF;;336x252;;336x252;305x229;;305x229;618.48;299.52;840.90;0.00;0.00;false;260.92;125.00;346.27;614.82;297.12;837.57;157.00;0.00;157.00;161.00;0.00;161.00;161.00;0.00;161.00;161.00;0.00;161.00;15.00;0.00;15.00;146.00;0.00;146.00;355.83;181.39;481.22;binary;;binary;6.84;5.05;4.7;1.09;1.06;0.05;0.00;0.00;0.00;0.00;0.00;0.00;nill;;nill;0.00;0.00;0.00;0.00;0.00;0.00;10.00;0.00;10.00;
AKAZE;;BRIEF;;Flann;;336x252;;336x252;305x229;;305x229;562.27;84.70;518.46;0.00;0.00;false;249.40;56.26;205.71;560.37;84.71;516.62;157.00;0.00;157.00;161.00;0.00;161.00;161.00;0.00;161.00;161.00;0.00;161.00;18.00;6.00;14.00;143.00;6.00;147.00;320.82;63.86;288.11;binary;;binary;32.15;12.72;21.80;0.74;0.71;0.03;0.00;0.00;0.00;0.00;0.00;0.00;nill;;nill;0.00;0.00;0.00;0.00;0.00;0.00;10.00;0.00;10.00;
AKAZE;;BRISK;;BF;;336x252;;336x252;305x229;;305x229;592.44;129.26;514.81;0.00;0.00;false;242.88;55.87;207.49;590.01;128.59;510.72;157.00;0.00;157.00;161.00;0.00;161.00;161.00;0.00;161.00;161.00;0.00;161.00;12.00;0.00;12.00;149.00;0.00;149.00;338.48;79.11;296.21;binary;;binary;10.49;6.17;6.03;0.22;0.19;0.04;0.00;0.00;0.00;0.00;0.00;0.00;nill;;nill;0.00;0.00;0.00;0.00;0.00;0.00;10.00;0.00;10.00;
AKAZE;;BRISK;;Flann;;336x252;;336x252;305x229;;305x229;552.55;94.03;525.25;0.00;0.00;false;222.85;37.29;206.01;550.87;94.16;520.69;157.00;0.00;157.00;161.00;0.00;161.00;161.00;0.00;161.00;161.00;0.00;161.00;16.00;6.00;12.00;145.00;6.00;149.00;335.39;86.71;287.02;binary;;binary;27.58;10.17;20.98;0.11;0.08;0.04;0.00;0.00;0.00;0.00;0.00;0.00;nill;;nill;0.00;0.00;0.00;0.00;0.00;0.00;10.00;0.00;10.00;
AKAZE;;FREAK;;BF;;336x252;;336x252;305x229;;305x229;539.50;89.68;495.47;0.00;0.00;false;228.54;40.72;209.06;537.48;89.46;493.63;76.00;0.00;76.00;109.00;0.00;109.00;109.00;0.00;109.00;109.00;0.00;109.00;13.00;0.00;13.00;96.00;0.00;96.00;302.37;52.23;284.17;binary;;binary;4.99;3.45;2.36;0.19;0.16;0.03;0.00;0.00;0.00;0.00;0.00;0.00;nill;;nill;0.00;0.00;0.00;0.00;0.00;0.00;10.00;0.00;10.00;
AKAZE;;FREAK;;Flann;;336x252;;336x252;305x229;;305x229;481.02;220.23;469.06;0.00;0.00;false;235.46;49.29;194.93;477.32;218.22;466.97;76.00;0.00;76.00;109.00;0.00;109.00;109.00;0.00;109.00;109.00;0.00;109.00;26.50;10.50;26.00;82.50;10.50;83.00;220.56;171.37;262.54;binary;;binary;15.71;5.52;14.67;0.14;0.11;0.03;0.00;0.00;0.00;0.00;0.00;0.00;nill;;nill;0.00;0.00;0.00;0.00;0.00;0.00;10.00;0.00;10.00;
AKAZE;;ORB;;BF;;336x252;;336x252;305x229;;305x229;881.62;128.87;960.35;0.00;0.00;false;399.44;68.03;426.47;876.21;131.78;956.87;154.00;0.00;154.00;157.00;0.00;157.00;157.00;0.00;157.00;157.00;0.00;157.00;11.00;0.00;11.00;146.00;0.00;146.00;481.87;79.07;519.84;binary;;binary;9.81;5.87;5.23;0.36;0.32;0.05;0.00;0.00;0.00;0.00;0.00;0.00;nill;;nill;0.00;0.00;0.00;0.00;0.00;0.00;10.00;0.00;10.00;
AKAZE;;ORB;;Flann;;336x252;;336x252;305x229;;305x229;635.83;109.51;542.67;0.00;0.00;false;283.28;55.33;237.11;632.04;107.26;540.37;154.00;0.00;154.00;157.00;0.00;157.00;157.00;0.00;157.00;157.00;0.00;157.00;16.00;6.00;15.00;141.00;6.00;142.00;333.76;72.79;280.89;binary;;binary;30.53;11.33;22.53;0.10;0.07;0.03;0.00;0.00;0.00;0.00;0.00;0.00;nill;;nill;0.00;0.00;0.00;0.00;0.00;0.00;10.00;0.00;10.00;
AKAZE;;SIFT;;BF;;336x252;;336x252;305x229;;305x229;321.56;26.48;305.04;0.00;0.00;false;305.25;26.57;288.76;319.27;25.56;303.74;157.00;0.00;157.00;161.00;0.00;161.00;0.00;0.00;0.00;0.00;0.00;0.00;0.00;0.00;0.00;0.00;0.00;0.00;0.00;0.00;0.00;float;;float;20.10;9.04;14.36;0.00;0.00;0.00;0.00;0.00;0.00;0.00;0.00;0.00;nill;;nill;0.00;0.00;0.00;0.00;0.00;0.00;10.00;0.00;10.00;
AKAZE;;SIFT;;Flann;;336x252;;336x252;305x229;;305x229;521.62;89.30;448.63;0.00;0.00;false;492.30;84.56;423.48;518.85;88.44;446.30;157.00;0.00;157.00;161.00;0.00;161.00;0.50;0.50;0.00;0.50;0.50;0.00;0.00;0.00;0.00;0.00;0.00;0.00;0.00;0.00;0.00;float;;float;28.72;10.02;21.31;0.00;0.00;0.00;0.00;0.00;0.00;0.00;0.00;0.00;nill;;nill;0.00;0.00;0.00;0.00;0.00;0.00;10.00;0.00;10.00;
AKAZE;;SURF;;BF;;336x252;;336x252;305x229;;305x229;758.71;28.19;752.49;0.00;0.00;false;715.28;27.78;709.53;753.17;28.28;749.05;157.00;0.00;157.00;161.00;0.00;161.00;13.00;0.00;13.00;13.00;0.00;13.00;7.00;0.00;7.00;6.00;0.00;6.00;13.65;4.41;15.09;float;;float;26.71;5.42;25.28;0.00;0.00;0.00;0.00;0.00;0.00;0.00;0.00;0.00;nill;;nill;0.00;0.00;0.00;0.00;0.00;0.00;10.00;0.00;10.00;
AKAZE;;SURF;;Flann;;336x252;;336x252;305x229;;305x229;559.00;38.93;539.16;0.00;0.00;false;528.1;36.49;502.89;556.40;38.14;537.16;157.00;0.00;157.00;161.00;0.00;161.00;14.00;2.00;13.00;14.00;2.00;13.00;7.00;1.00;7.00;7.50;2.50;6.00;33.89;27.17;14.79;float;;float;23.19;3.77;21.44;0.00;0.00;0.00;0.00;0.00;0.00;0.00;0.00;0.00;nill;;nill;0.00;0.00;0.00;0.00;0.00;0.00;10.00;0.00;10.00;
BRISK;;AKAZE;;BF;;336x252;;336x252;305x229;;305x229;389.16;36.67;374.99;1.00;1.00;true;192.47;23.87;178.82;387.35;36.37;373.41;157.00;0.00;157.00;161.00;0.00;161.00;161.00;0.00;161.00;161.00;0.00;161.00;20.00;0.00;20.00;141.00;0.00;141.00;200.53;28.03;187.87;binary;;binary;7.9;4.92;3.97;0.09;0.07;0.03;0.00;0.00;0.00;0.00;0.00;0.00;nill;;nill;0.00;0.00;0.00;0.00;0.00;0.00;10.00;0.00;10.00;
BRISK;;AKAZE;;Flann;;336x252;;336x252;305x229;;305x229;398.24;31.46;382.71;0.66;0.66;true;185.57;17.67;178.08;397.07;31.43;381.31;157.00;0.00;157.00;161.00;0.00;161.00;161.00;0.00;161.00;161.00;0.00;161.00;15.50;6.50;16.00;145.50;6.50;145.00;200.51;25.95;185.88;binary;;binary;17.89;6.56;15.82;0.09;0.09;0.03;0.00;0.00;0.00;0.00;0.00;0.00;nill;;nill;0.00;0.00;0.00;0.00;0.00;0.00;10.00;0.00;10.00;
BRISK;;BRIEF;;BF;;336x252;;336x252;305x229;;305x229;364.07;61.11;362.95;0.00;0.00;false;45.16;15.50;38.14;361.03;60.68;359.51;137.00;0.00;137.00;181.00;0.00;181.00;181.00;0.00;181.00;181.00;0.00;181.00;20.00;0.00;20.00;161.00;0.00;161.00;321.27;58.68;316.22;binary;;binary;7.38;4.90;3.97;0.12;0.09;0.03;0.00;0.00;0.00;0.00;0.00;0.00;nill;;nill;0.00;0.00;0.00;0.00;0.00;0.00;10.00;0.00;10.00;
BRISK;;BRIEF;;Flann;;336x252;;336x252;305x229;;305x229;370.06;52.78;343.82;0.00;0.00;false;37.30;7.60;36.28;368.55;52.77;340.70;137.00;0.00;137.00;181.00;0.00;181.00;181.00;0.00;181.00;181.00;0.00;181.00;22.00;6.00;20.00;159.00;6.00;161.00;310.60;51.63;281.15;binary;;binary;26.39;7.09;22.67;1.33;1.30;0.03;0.00;0.00;0.00;0.00;0.00;0.00;nill;;nill;0.00;0.00;0.00;0.00;0.00;0.00;10.00;0.00;10.00;
BRISK;;BRISK;;BF;;336x252;;336x252;305x229;;305x229;246.32;38.68;224.74;0.00;0.00;false;30.39;8.86;26.61;244.72;38.40;223.01;138.00;0.00;138.00;193.00;0.00;193.00;193.00;0.00;193.00;193.00;0.00;193.00;10.00;0.00;10.00;183.00;0.00;183.00;213.62;37.73;190.09;binary;;binary;10.52;7.27;4.62;0.21;0.18;0.03;0.00;0.00;0.00;0.00;0.00;0.00;nill;;nill;0.00;0.00;0.00;0.00;0.00;0.00;10.00;0.00;10.00;
BRISK;;BRISK;;Flann;;336x252;;336x252;305x229;;305x229;257.64;33.26;244.04;0.00;0.00;false;34.61;12.87;26.27;254.11;31.25;242.27;138.00;0.00;138.00;193.00;0.00;193.00;193.00;0.00;193.00;193.00;0.00;193.00;23.50;12.50;24.00;169.50;12.50;169.00;201.27;25.94;194.48;binary;;binary;24.17;6.77;20.36;0.07;0.05;0.03;0.00;0.00;0.00;0.00;0.00;0.00;nill;;nill;0.00;0.00;0.00;0.00;0.00;0.00;10.00;0.00;10.00;
BRISK;;FREAK;;BF;;336x252;;336x252;305x229;;305x229;223.56;27.31;215.72;0.00;0.00;false;36.81;16.55;24.78;222.13;27.03;214.59;78.00;0.00;78.00;125.00;0.00;125.00;125.00;0.00;125.00;125.00;0.00;125.00;17.00;0.00;17.00;108.00;0.00;108.00;195.76;24.22;186.31;binary;;binary;5.98;4.7;2.02;0.07;0.04;0.03;0.00;0.00;0.00;0.00;0.00;0.00;nill;;nill;0.00;0.00;0.00;0.00;0.00;0.00;10.00;0.00;10.00;
BRISK;;FREAK;;Flann;;336x252;;336x252;305x229;;305x229;170.25;94.77;197.59;0.00;0.00;false;34.25;14.26;23.21;167.38;96.53;197.22;78.00;0.00;78.00;125.00;0.00;125.00;125.00;0.00;125.00;125.00;0.00;125.00;31.50;13.50;32.00;93.50;13.50;92.00;124.95;92.38;185.99;binary;;binary;13.72;6.14;14.39;0.07;0.05;0.03;0.00;0.00;0.00;0.00;0.00;0.00;nill;;nill;0.00;0.00;0.00;0.00;0.00;0.00;10.00;0.00;10.00;
BRISK;;ORB;;BF;;336x252;;336x252;305x229;;305x229;418.47;78.24;383.20;0.00;0.00;false;118.43;48.72;81.84;416.46;78.71;381.66;136.00;0.00;136.00;177.00;0.00;177.00;177.00;0.00;177.00;177.00;0.00;177.00;12.00;0.00;12.00;165.00;0.00;165.00;325.98;64.14;290.23;binary;;binary;9.10;6.68;3.60;0.15;0.13;0.03;0.00;0.00;0.00;0.00;0.00;0.00;nill;;nill;0.00;0.00;0.00;0.00;0.00;0.00;10.00;0.00;10.00;
BRISK;;ORB;;Flann;;336x252;;336x252;305x229;;305x229;474.10;110.24;394.73;0.00;0.00;false;97.71;26.09;80.34;471.67;110.16;392.32;136.00;0.00;136.00;177.00;0.00;177.00;177.00;0.00;177.00;177.00;0.00;177.00;22.50;12.50;22.00;154.50;12.50;155.00;346.89;85.59;283.49;binary;;binary;31.22;10.96;24.51;0.19;0.16;0.03;0.00;0.00;0.00;0.00;0.00;0.00;nill;;nill;0.00;0.00;0.00;0.00;0.00;0.00;10.00;0.00;10.00;
BRISK;;SIFT;;BF;;336x252;;336x252;305x229;;305x229;972.49;70.45;941.49;0.00;0.00;false;928.76;66.02;904.97;970.09;70.04;939.95;138.00;0.00;138.00;193.00;0.00;193.00;10.00;0.00;10.00;10.00;0.00;10.00;6.00;0.00;6.00;4.00;0.00;4.00;16.97;7.05;14.02;float;;float;27.72;8.41;23.81;0.00;0.00;0.00;0.00;0.00;0.00;0.00;0.00;0.00;nill;;nill;0.00;0.00;0.00;0.00;0.00;0.00;10.00;0.00;10.00;
BRISK;;SIFT;;Flann;;336x252;;336x252;305x229;;305x229;693.98;163.93;575.88;0.00;0.00;false;666.70;157.00;549.58;691.91;163.91;574.24;138.00;0.00;138.00;193.00;0.00;193.00;11.50;2.50;12.00;11.50;2.50;12.00;6.00;1.00;6.00;5.00;2.00;6.00;12.73;9.42;6.09;float;;float;15.93;4.63;14.32;0.00;0.00;0.00;0.00;0.00;0.00;0.00;0.00;0.00;nill;;nill;0.00;0.00;0.00;0.00;0.00;0.00;10.00;0.00;10.00;
BRISK;;SURF;;BF;;336x252;;336x252;305x229;;305x229;345.83;71.98;282.08;0.00;0.00;false;316.18;65.63;257.64;344.26;71.59;280.60;138.00;0.00;138.00;193.00;0.00;193.00;8.00;0.00;8.00;8.00;0.00;8.00;4.00;0.00;4.00;4.00;0.00;4.00;11.42;5.26;6.83;float;;float;19.40;7.70;13.27;0.00;0.00;0.00;0.00;0.00;0.00;0.00;0.00;0.00;nill;;nill;0.00;0.00;0.00;0.00;0.00;0.00;10.00;0.00;10.00;
BRISK;;SURF;;Flann;;336x252;;336x252;305x229;;305x229;362.21;89.58;279.66;0.00;0.00;false;331.47;81.84;253.93;360.68;89.21;278.21;138.00;0.00;138.00;193.00;0.00;193.00;9.00;2.00;8.00;9.00;2.00;8.00;4.50;0.50;4.00;4.50;1.50;4.00;14.65;11.06;6.23;float;;float;16.89;5.48;14.89;0.00;0.00;0.00;0.00;0.00;0.00;0.00;0.00;0.00;nill;;nill;0.00;0.00;0.00;0.00;0.00;0.00;10.00;0.00;10.00;
DENSE;;AKAZE;;BF;;336x252;;336x252;305x229;;305x229;887.72;38.42;889.45;1.00;1.00;true;394.74;26.68;387.41;882.00;39.49;885.83;157.00;0.00;157.00;161.00;0.00;161.00;161.00;0.00;161.00;161.00;0.00;161.00;20.00;0.00;20.00;141.00;0.00;141.00;481.72;36.62;482.46;binary;;binary;14.00;6.88;7.19;1.10;1.05;0.05;0.00;0.00;0.00;0.00;0.00;0.00;nill;;nill;0.00;0.00;0.00;0.00;0.00;0.00;10.00;0.00;10.00;
DENSE;;AKAZE;;Flann;;336x252;;336x252;305x229;;305x229;364.27;26.10;360.24;0.74;0.74;true;167.46;16.23;158.25;363.09;26.15;359.02;157.00;0.00;157.00;161.00;0.00;161.00;161.00;0.00;161.00;161.00;0.00;161.00;15.00;6.00;16.00;146.00;6.00;145.00;187.57;19.67;181.95;binary;;binary;19.76;6.53;17.45;0.41;0.41;0.03;0.00;0.00;0.00;0.00;0.00;0.00;nill;;nill;0.00;0.00;0.00;0.00;0.00;0.00;10.00;0.00;10.00;
DENSE;;BRIEF;;BF;;336x252;;336x252;305x229;;305x229;457.55;25.11;452.81;0.00;0.00;false;19.94;5.77;18.13;455.98;25.17;451.00;1218.00;0.00;1218.00;1551.00;0.00;1551.00;1551.00;0.00;1551.00;1551.00;0.00;1551.00;48.00;0.00;48.00;1503.00;0.00;1503.00;307.92;15.75;304.5;binary;;binary;140.20;21.87;126.13;0.07;0.04;0.03;0.00;0.00;0.00;0.00;0.00;0.00;nill;;nill;0.00;0.00;0.00;0.00;0.00;0.00;10.00;0.00;10.00;
DENSE;;BRIEF;;Flann;;336x252;;336x252;305x229;;305x229;906.16;144.9;803.12;0.00;0.00;false;31.45;9.07;28.53;904.31;144.79;801.25;1218.00;0.00;1218.00;1551.00;0.00;1551.00;1551.00;0.00;1551.00;1551.00;0.00;1551.00;47.00;4.00;47.00;1504.00;4.00;1504.00;560.47;109.92;475.14;binary;;binary;319.37;48.45;294.12;0.38;0.35;0.04;0.00;0.00;0.00;0.00;0.00;0.00;nill;;nill;0.00;0.00;0.00;0.00;0.00;0.00;10.00;0.00;10.00;
DENSE;;BRISK;;BF;;336x252;;336x252;305x229;;305x229;822.77;99.23;812.49;0.00;0.00;false;37.04;13.27;28.67;819.29;99.52;810.43;1518.00;0.00;1518.00;1887.00;0.00;1887.00;1887.00;0.00;1887.00;1887.00;0.00;1887.00;28.00;0.00;28.00;1859.00;0.00;1859.00;404.48;72.16;404.76;binary;;binary;387.25;45.50;374.23;0.10;0.07;0.03;0.00;0.00;0.00;0.00;0.00;0.00;nill;;nill;0.00;0.00;0.00;0.00;0.00;0.00;10.00;0.00;10.00;
DENSE;;BRISK;;Flann;;336x252;;336x252;305x229;;305x229;640.44;26.78;630.47;0.00;0.00;false;28.10;4.76;28.80;639.03;26.84;628.44;1518.00;0.00;1518.00;1887.00;0.00;1887.00;1887.00;0.00;1887.00;1887.00;0.00;1887.00;26.00;6.00;26.00;1861.00;6.00;1861.00;353.11;22.02;346.62;binary;;binary;257.51;16.80;253.06;0.07;0.04;0.03;0.00;0.00;0.00;0.00;0.00;0.00;nill;;nill;0.00;0.00;0.00;0.00;0.00;0.00;10.00;0.00;10.00;
DENSE;;FREAK;;BF;;336x252;;336x252;305x229;;305x229;522.78;241.16;699.34;0.00;0.00;false;19.86;14.61;18.14;520.01;239.56;696.39;448.00;0.00;448.00;627.00;0.00;627.00;627.00;0.00;627.00;627.00;0.00;627.00;30.00;0.00;30.00;597.00;0.00;597.00;442.92;208.53;586.01;binary;;binary;71.78;35.14;87.98;1.27;1.24;0.05;0.00;0.00;0.00;0.00;0.00;0.00;nill;;nill;0.00;0.00;0.00;0.00;0.00;0.00;10.00;0.00;10.00;
DENSE;;FREAK;;Flann;;336x252;;336x252;305x229;;305x229;310.06;17.43;309.75;0.00;0.00;false;8.53;3.27;5.71;307.55;17.83;306.64;448.00;0.00;448.00;627.00;0.00;627.00;627.00;0.00;627.00;627.00;0.00;627.00;28.50;4.50;29.00;598.50;4.50;598.00;229.67;11.59;230.25;binary;;binary;67.55;7.74;68.00;0.65;0.62;0.03;0.00;0.00;0.00;0.00;0.00;0.00;nill;;nill;0.00;0.00;0.00;0.00;0.00;0.00;10.00;0.00;10.00;
DENSE;;ORB;;BF;;336x252;;336x252;305x229;;305x229;617.20;33.26;606.04;0.00;0.00;false;216.66;23.23;206.68;615.68;33.47;604.15;1080.00;0.00;1080.00;1395.00;0.00;1395.00;1395.00;0.00;1395.00;1395.00;0.00;1395.00;31.00;0.00;31.00;1364.00;0.00;1364.00;297.32;21.82;289.6;binary;;binary;112.62;13.72;106.07;0.08;0.05;0.03;0.00;0.00;0.00;0.00;0.00;0.00;nill;;nill;0.00;0.00;0.00;0.00;0.00;0.00;10.00;0.00;10.00;
DENSE;;ORB;;Flann;;336x252;;336x252;305x229;;305x229;1135.2;166.5;1063.80;0.00;0.00;false;341.28;56.35;315.89;1133.61;166.42;1062.24;1080.00;0.00;1080.00;1395.00;0.00;1395.00;1395.00;0.00;1395.00;1395.00;0.00;1395.00;30.00;2.00;31.00;1365.00;2.00;1364.00;505.65;104.20;445.47;binary;;binary;318.71;51.07;292.56;0.99;0.96;0.03;0.00;0.00;0.00;0.00;0.00;0.00;nill;;nill;0.00;0.00;0.00;0.00;0.00;0.00;10.00;0.00;10.00;
DENSE;;SIFT;;BF;;336x252;;336x252;305x229;;305x229;2898.19;526.28;2688.51;0.00;0.00;false;151.68;43.60;138.69;2896.31;526.46;2686.37;1989.00;0.00;1989.00;2352.00;0.00;2352.00;253.00;0.00;253.00;253.00;0.00;253.00;28.00;0.00;28.00;225.00;0.00;225.00;237.72;56.11;220.73;float;;float;2526.46;454.33;2322.95;0.14;0.11;0.04;0.00;0.00;0.00;0.00;0.00;0.00;nill;;nill;0.00;0.00;0.00;0.00;0.00;0.00;10.00;0.00;10.00;
DENSE;;SIFT;;Flann;;336x252;;336x252;305x229;;305x229;1186.43;261.35;1371.97;0.00;0.00;false;262.63;60.22;286.94;1182.00;258.67;1366.01;1989.00;0.00;1989.00;2352.00;0.00;2352.00;289.00;18.00;285.00;289.00;18.00;285.00;31.00;3.00;30.00;258.00;18.00;255.00;449.30;91.05;498.99;float;;float;496.89;134.64;565.75;1.40;1.36;0.05;0.00;0.00;0.00;0.00;0.00;0.00;nill;;nill;0.00;0.00;0.00;0.00;0.00;0.00;10.00;0.00;10.00;
DENSE;;SURF;;BF;;336x252;;336x252;305x229;;305x229;6228.78;794.60;6715.45;0.00;0.00;false;3548.05;498.86;3831.18;6226.46;794.14;6713.72;1989.00;0.00;1989.00;2352.00;0.00;2352.00;1750.00;0.00;1750.00;1750.00;0.00;1750.00;550.00;0.00;550.00;1200.00;0.00;1200.00;149.56;60.26;122.18;float;;float;2587.49;297.42;2738.40;0.20;0.17;0.04;0.00;0.00;0.00;0.00;0.00;0.00;nill;;nill;0.00;0.00;0.00;0.00;0.00;0.00;10.00;0.00;10.00;
DENSE;;SURF;;Flann;;336x252;;336x252;305x229;;305x229;3835.27;493.24;3914.49;0.00;0.00;false;3409.01;345.78;3509.55;3832.11;492.41;3908.99;1989.00;0.00;1989.00;2352.00;0.00;2352.00;1750.50;4.50;1751.00;1750.50;4.50;1751.00;429.00;123.00;519.00;1320.50;122.50;1232.00;267.52;182.20;164.14;float;;float;228.79;54.89;233.38;0.29;0.26;0.03;0.00;0.00;0.00;0.00;0.00;0.00;nill;;nill;0.00;0.00;0.00;0.00;0.00;0.00;10.00;0.00;10.00;
FAST;;AKAZE;;BF;;336x252;;336x252;305x229;;305x229;369.69;37.02;349.84;1.00;1.00;true;178.73;27.21;158.26;368.11;37.04;346.83;157.00;0.00;157.00;161.00;0.00;161.00;161.00;0.00;161.00;161.00;0.00;161.00;20.00;0.00;20.00;141.00;0.00;141.00;189.83;18.03;182.40;binary;;binary;7.19;4.19;4.22;0.11;0.08;0.03;0.00;0.00;0.00;0.00;0.00;0.00;nill;;nill;0.00;0.00;0.00;0.00;0.00;0.00;10.00;0.00;10.00;
FAST;;AKAZE;;Flann;;336x252;;336x252;305x229;;305x229;557.44;56.97;550.31;0.76;0.76;true;249.52;35.06;237.10;555.54;57.01;548.41;157.00;0.00;157.00;161.00;0.00;161.00;161.00;0.00;161.00;161.00;0.00;161.00;15.50;6.50;16.00;145.50;6.50;145.00;300.45;49.58;289.92;binary;;binary;27.02;7.03;23.53;0.08;0.08;0.04;0.00;0.00;0.00;0.00;0.00;0.00;nill;;nill;0.00;0.00;0.00;0.00;0.00;0.00;10.00;0.00;10.00;
FAST;;BRIEF;;BF;;336x252;;336x252;305x229;;305x229;469.89;74.76;432.79;0.00;0.00;false;17.39;6.96;15.64;468.12;74.52;429.88;490.00;0.00;490.00;799.00;0.00;799.00;799.00;0.00;799.00;799.00;0.00;799.00;57.00;0.00;57.00;742.00;0.00;742.00;408.95;72.12;372.22;binary;;binary;52.89;14.99;44.95;0.41;0.38;0.04;0.00;0.00;0.00;0.00;0.00;0.00;nill;;nill;0.00;0.00;0.00;0.00;0.00;0.00;10.00;0.00;10.00;
FAST;;BRIEF;;Flann;;336x252;;336x252;305x229;;305x229;529.89;75.61;494.89;0.00;0.00;false;19.13;8.78;15.31;526.88;75.23;493.22;490.00;0.00;490.00;799.00;0.00;799.00;799.00;0.00;799.00;799.00;0.00;799.00;53.50;11.50;54.00;745.50;11.50;745.00;393.31;54.87;372.95;binary;;binary;113.50;20.81;113.93;0.17;0.14;0.04;0.00;0.00;0.00;0.00;0.00;0.00;nill;;nill;0.00;0.00;0.00;0.00;0.00;0.00;10.00;0.00;10.00;
FAST;;BRISK;;BF;;336x252;;336x252;305x229;;305x229;337.51;26.64;325.56;0.00;0.00;false;11.32;3.63;13.25;336.29;26.64;323.86;528.00;0.00;528.00;865.00;0.00;865.00;865.00;0.00;865.00;865.00;0.00;865.00;18.00;0.00;18.00;847.00;0.00;847.00;268.40;27.39;251.71;binary;;binary;66.58;11.84;59.28;0.15;0.12;0.03;0.00;0.00;0.00;0.00;0.00;0.00;nill;;nill;0.00;0.00;0.00;0.00;0.00;0.00;10.00;0.00;10.00;
FAST;;BRISK;;Flann;;336x252;;336x252;305x229;;305x229;570.79;122.23;559.06;0.00;0.00;false;18.55;7.67;17.37;569.00;122.15;556.88;528.00;0.00;528.00;865.00;0.00;865.00;865.00;0.00;865.00;865.00;0.00;865.00;22.50;8.50;19.00;842.50;8.50;846.00;440.02;99.94;419.75;binary;;binary;119.49;24.1;116.60;0.13;0.10;0.04;0.00;0.00;0.00;0.00;0.00;0.00;nill;;nill;0.00;0.00;0.00;0.00;0.00;0.00;10.00;0.00;10.00;
FAST;;FREAK;;BF;;336x252;;336x252;305x229;;305x229;258.77;25.04;252.19;0.00;0.00;false;7.18;3.29;4.41;255.78;25.42;250.56;282.00;0.00;282.00;487.00;0.00;487.00;487.00;0.00;487.00;487.00;0.00;487.00;50.00;0.00;50.00;437.00;0.00;437.00;230.98;22.45;223.19;binary;;binary;21.03;4.83;21.13;0.17;0.14;0.03;0.00;0.00;0.00;0.00;0.00;0.00;nill;;nill;0.00;0.00;0.00;0.00;0.00;0.00;10.00;0.00;10.00;
FAST;;FREAK;;Flann;;336x252;;336x252;305x229;;305x229;434.68;66.78;428.77;0.00;0.00;false;10.14;4.64;5.89;431.15;65.59;426.11;282.00;0.00;282.00;487.00;0.00;487.00;487.00;0.00;487.00;487.00;0.00;487.00;43.00;13.00;44.00;444.00;13.00;443.00;357.66;58.67;353.69;binary;;binary;74.93;22.87;62.95;0.09;0.06;0.04;0.00;0.00;0.00;0.00;0.00;0.00;nill;;nill;0.00;0.00;0.00;0.00;0.00;0.00;10.00;0.00;10.00;
FAST;;ORB;;BF;;336x252;;336x252;305x229;;305x229;508.74;167.37;382.06;0.00;0.00;false;145.74;58.32;92.19;507.03;167.00;379.41;481.00;0.00;481.00;779.00;0.00;779.00;779.00;0.00;779.00;779.00;0.00;779.00;50.00;0.00;50.00;729.00;0.00;729.00;340.01;116.00;251.21;binary;;binary;39.35;15.56;28.86;0.26;0.23;0.03;0.00;0.00;0.00;0.00;0.00;0.00;nill;;nill;0.00;0.00;0.00;0.00;0.00;0.00;10.00;0.00;10.00;
FAST;;ORB;;Flann;;336x252;;336x252;305x229;;305x229;544.64;155.63;605.26;0.00;0.00;false;134.99;47.7;147.93;542.29;154.80;602.90;481.00;0.00;481.00;779.00;0.00;779.00;779.00;0.00;779.00;779.00;0.00;779.00;45.50;13.50;45.00;733.50;13.50;734.00;328.10;99.02;350.02;binary;;binary;98.31;28.7;71.74;0.09;0.06;0.04;0.00;0.00;0.00;0.00;0.00;0.00;nill;;nill;0.00;0.00;0.00;0.00;0.00;0.00;10.00;0.00;10.00;
FAST;;SIFT;;BF;;336x252;;336x252;305x229;;305x229;1378.45;169.94;1352.51;0.00;0.00;false;1009.74;144.58;903.11;1375.21;171.47;1350.42;575.00;0.00;575.00;899.00;0.00;899.00;0.00;0.00;0.00;0.00;0.00;0.00;0.00;0.00;0.00;0.00;0.00;0.00;0.00;0.00;0.00;float;;float;371.55;35.56;367.84;0.00;0.00;0.00;0.00;0.00;0.00;0.00;0.00;0.00;nill;;nill;0.00;0.00;0.00;0.00;0.00;0.00;10.00;0.00;10.00;
FAST;;SIFT;;Flann;;336x252;;336x252;305x229;;305x229;978.00;298.43;1202.78;0.00;0.00;false;880.03;269.15;1131.11;975.56;297.41;1198.66;575.00;0.00;575.00;899.00;0.00;899.00;2.00;2.00;0.00;2.00;2.00;0.00;0.00;0.00;0.00;0.00;0.00;0.00;0.00;0.00;0.00;float;;float;99.77;35.26;125.47;0.00;0.00;0.00;0.00;0.00;0.00;0.00;0.00;0.00;nill;;nill;0.00;0.00;0.00;0.00;0.00;0.00;10.00;0.00;10.00;
FAST;;SURF;;BF;;336x252;;336x252;305x229;;305x229;1187.46;111.66;1189.01;0.00;0.00;false;882.97;87.79;873.34;1185.79;111.63;1186.94;575.00;0.00;575.00;899.00;0.00;899.00;18.00;0.00;18.00;18.00;0.00;18.00;6.00;0.00;6.00;12.00;0.00;12.00;49.14;14.61;39.71;float;;float;281.32;48.67;255.41;0.00;0.00;0.00;0.00;0.00;0.00;0.00;0.00;0.00;nill;;nill;0.00;0.00;0.00;0.00;0.00;0.00;10.00;0.00;10.00;
FAST;;SURF;;Flann;;336x252;;336x252;305x229;;305x229;1215.88;281.71;1382.55;0.00;0.00;false;977.95;183.3;799.46;1212.27;279.44;1382.93;575.00;0.00;575.00;899.00;0.00;899.00;24.00;5.00;23.00;24.00;5.00;23.00;6.00;1.00;6.00;18.50;4.50;17.00;151.45;92.59;164.39;float;;float;85.10;24.48;71.74;0.00;0.00;0.00;0.00;0.00;0.00;0.00;0.00;0.00;nill;;nill;0.00;0.00;0.00;0.00;0.00;0.00;10.00;0.00;10.00;
GFTT;;AKAZE;;BF;;336x252;;336x252;305x229;;305x229;443.20;97.77;367.88;1.00;1.00;true;211.72;45.90;175.72;441.43;97.87;366.53;157.00;0.00;157.00;161.00;0.00;161.00;161.00;0.00;161.00;161.00;0.00;161.00;20.00;0.00;20.00;141.00;0.00;141.00;226.10;54.82;183.65;binary;;binary;9.10;6.09;4.08;0.08;0.06;0.03;0.00;0.00;0.00;0.00;0.00;0.00;nill;;nill;0.00;0.00;0.00;0.00;0.00;0.00;10.00;0.00;10.00;
GFTT;;AKAZE;;Flann;;336x252;;336x252;305x229;;305x229;653.78;129.32;553.79;0.65;0.65;true;286.98;56.73;249.82;648.62;131.19;552.14;157.00;0.00;157.00;161.00;0.00;161.00;161.00;0.00;161.00;161.00;0.00;161.00;14.50;5.50;16.00;146.50;5.50;145.00;332.86;68.18;281.89;binary;;binary;27.67;7.40;22.89;0.12;0.12;0.04;0.00;0.00;0.00;0.00;0.00;0.00;nill;;nill;0.00;0.00;0.00;0.00;0.00;0.00;10.00;0.00;10.00;
GFTT;;BRIEF;;BF;;336x252;;336x252;305x229;;305x229;542.79;103.88;501.55;0.00;0.00;false;51.33;21.79;37.18;540.81;103.76;499.38;581.00;0.00;581.00;887.00;0.00;887.00;887.00;0.00;887.00;887.00;0.00;887.00;59.00;0.00;59.00;828.00;0.00;828.00;439.70;97.02;396.51;binary;;binary;67.37;17.73;59.55;0.22;0.19;0.04;0.00;0.00;0.00;0.00;0.00;0.00;nill;;nill;0.00;0.00;0.00;0.00;0.00;0.00;10.00;0.00;10.00;
GFTT;;BRIEF;;Flann;;336x252;;336x252;305x229;;305x229;617.53;44.47;617.86;0.00;0.00;false;42.38;5.94;41.20;615.50;44.41;614.07;581.00;0.00;581.00;887.00;0.00;887.00;887.00;0.00;887.00;887.00;0.00;887.00;54.00;12.00;58.00;833.00;12.00;829.00;443.41;42.72;441.49;binary;;binary;141.72;17.46;131.51;0.11;0.08;0.04;0.00;0.00;0.00;0.00;0.00;0.00;nill;;nill;0.00;0.00;0.00;0.00;0.00;0.00;10.00;0.00;10.00;
GFTT;;BRISK;;BF;;336x252;;336x252;305x229;;305x229;356.25;20.47;347.34;0.00;0.00;false;23.96;4.94;21.21;354.38;21.23;346.02;629.00;0.00;629.00;957.00;0.00;957.00;957.00;0.00;957.00;957.00;0.00;957.00;22.00;0.00;22.00;935.00;0.00;935.00;258.63;17.99;248.71;binary;;binary;77.52;7.39;73.99;0.08;0.05;0.03;0.00;0.00;0.00;0.00;0.00;0.00;nill;;nill;0.00;0.00;0.00;0.00;0.00;0.00;10.00;0.00;10.00;
GFTT;;BRISK;;Flann;;336x252;;336x252;305x229;;305x229;578.90;86.77;533.35;0.00;0.00;false;39.20;14.00;31.32;577.12;86.74;531.32;629.00;0.00;629.00;957.00;0.00;957.00;957.00;0.00;957.00;957.00;0.00;957.00;23.50;8.50;22.00;933.50;8.50;935.00;426.77;73.84;385.38;binary;;binary;123.50;19.90;113.85;1.29;1.26;0.04;0.00;0.00;0.00;0.00;0.00;0.00;nill;;nill;0.00;0.00;0.00;0.00;0.00;0.00;10.00;0.00;10.00;
GFTT;;FREAK;;BF;;336x252;;336x252;305x229;;305x229;264.13;22.07;261.88;0.00;0.00;false;22.59;6.06;20;262.87;22.02;260.20;337.00;0.00;337.00;541.00;0.00;541.00;541.00;0.00;541.00;541.00;0.00;541.00;44.00;0.00;44.00;497.00;0.00;497.00;216.33;14.41;215.26;binary;;binary;27.73;6.89;23.92;1.26;1.23;0.03;0.00;0.00;0.00;0.00;0.00;0.00;nill;;nill;0.00;0.00;0.00;0.00;0.00;0.00;10.00;0.00;10.00;
GFTT;;FREAK;;Flann;;336x252;;336x252;305x229;;305x229;523.89;137.44;436.20;0.00;0.00;false;48.34;25.43;29.67;518.40;133.77;432.94;337.00;0.00;337.00;541.00;0.00;541.00;541.00;0.00;541.00;541.00;0.00;541.00;41.50;9.50;44.00;499.50;9.50;497.00;401.00;103.88;332.81;binary;;binary;84.55;24.65;67.44;0.50;0.47;0.04;0.00;0.00;0.00;0.00;0.00;0.00;nill;;nill;0.00;0.00;0.00;0.00;0.00;0.00;10.00;0.00;10.00;
GFTT;;ORB;;BF;;336x252;;336x252;305x229;;305x229;707.04;136.35;634.04;0.00;0.00;false;210.86;42.71;191.01;704.39;136.99;630.36;568.00;0.00;568.00;871.00;0.00;871.00;871.00;0.00;871.00;871.00;0.00;871.00;44.00;0.00;44.00;827.00;0.00;827.00;439.50;97.93;377.15;binary;;binary;68.56;21.76;57.28;1.19;1.16;0.04;0.00;0.00;0.00;0.00;0.00;0.00;nill;;nill;0.00;0.00;0.00;0.00;0.00;0.00;10.00;0.00;10.00;
GFTT;;ORB;;Flann;;336x252;;336x252;305x229;;305x229;814.00;77.52;795.12;0.00;0.00;false;241.37;43.77;216.26;811.43;76.80;791.84;568.00;0.00;568.00;871.00;0.00;871.00;871.00;0.00;871.00;871.00;0.00;871.00;41.50;7.50;43.00;829.50;7.50;828.00;442.02;45.45;434.79;binary;;binary;158.32;32.21;136.77;0.58;0.55;0.04;0.00;0.00;0.00;0.00;0.00;0.00;nill;;nill;0.00;0.00;0.00;0.00;0.00;0.00;10.00;0.00;10.00;
GFTT;;SIFT;;BF;;336x252;;336x252;305x229;;305x229;738.23;28.40;728.58;0.00;0.00;false;271.58;13.72;269.41;736.12;28.66;726.39;705.00;0.00;705.00;996.00;0.00;996.00;2.00;0.00;2.00;2.00;0.00;2.00;0.00;0.00;0.00;0.00;0.00;0.00;0.00;0.00;0.00;float;;float;461.14;22.27;454.89;0.00;0.00;0.00;0.00;0.00;0.00;0.00;0.00;0.00;nill;;nill;0.00;0.00;0.00;0.00;0.00;0.00;10.00;0.00;10.00;
GFTT;;SIFT;;Flann;;336x252;;336x252;305x229;;305x229;480.88;44.24;489.72;0.00;0.00;false;332.48;36.39;340.84;479.06;44.32;487.00;705.00;0.00;705.00;996.00;0.00;996.00;5.00;3.00;5.00;5.00;3.00;5.00;2.50;2.50;4.00;2.00;2.00;0.00;4.99;4.99;0.46;float;;float;141.89;13.78;142.66;0.00;0.00;0.00;0.00;0.00;0.00;0.00;0.00;0.00;nill;;nill;0.00;0.00;0.00;0.00;0.00;0.00;10.00;0.00;10.00;
GFTT;;SURF;;BF;;336x252;;336x252;305x229;;305x229;1774.45;354.55;1544.55;0.00;0.00;false;1144.82;208.89;1064.15;1772.27;354.46;1541.88;705.00;0.00;705.00;996.00;0.00;996.00;57.00;0.00;57.00;57.00;0.00;57.00;6.00;0.00;6.00;51.00;0.00;51.00;238.11;74.58;193.34;float;;float;385.20;74.40;331.49;0.00;0.00;0.00;0.00;0.00;0.00;0.00;0.00;0.00;nill;;nill;0.00;0.00;0.00;0.00;0.00;0.00;10.00;0.00;10.00;
GFTT;;SURF;;Flann;;336x252;;336x252;305x229;;305x229;1865.79;160.24;1762.39;0.00;0.00;false;1461.34;114.68;1388.57;1863.31;159.64;1759.90;705.00;0.00;705.00;996.00;0.00;996.00;65.50;6.50;63.00;65.50;6.50;63.00;7.00;1.00;7.00;59.00;7.00;56.00;268.75;31.52;252.33;float;;float;127.04;18.91;120.25;0.00;0.00;0.00;0.00;0.00;0.00;0.00;0.00;0.00;nill;;nill;0.00;0.00;0.00;0.00;0.00;0.00;10.00;0.00;10.00;
MSER;;AKAZE;;BF;;336x252;;336x252;305x229;;305x229;671.14;139.19;576.47;1.00;1.00;true;355.08;81.00;288.85;669.13;139.02;574.64;157.00;0.00;157.00;161.00;0.00;161.00;161.00;0.00;161.00;161.00;0.00;161.00;20.00;0.00;20.00;141.00;0.00;141.00;325.77;74.60;281.04;binary;;binary;9.62;5.41;5.86;1.24;1.21;0.03;0.00;0.00;0.00;0.00;0.00;0.00;nill;;nill;0.00;0.00;0.00;0.00;0.00;0.00;10.00;0.00;10.00;
MSER;;AKAZE;;Flann;;336x252;;336x252;305x229;;305x229;711.21;146.41;609.00;0.66;0.66;true;345.35;75.41;290.55;708.25;145.90;606.94;157.00;0.00;157.00;161.00;0.00;161.00;161.00;0.00;161.00;161.00;0.00;161.00;15.00;6.00;17.00;146.00;6.00;145.00;327.84;71.00;279.48;binary;;binary;28.96;8.36;22.96;0.08;0.08;0.04;0.00;0.00;0.00;0.00;0.00;0.00;nill;;nill;0.00;0.00;0.00;0.00;0.00;0.00;10.00;0.00;10.00;
MSER;;BRIEF;;BF;;336x252;;336x252;305x229;;305x229;364.00;47.06;338.04;0.00;0.00;false;80.93;17.21;71.12;361.81;46.69;336.11;50.00;0.00;50.00;60.00;0.00;60.00;60.00;0.00;60.00;60.00;0.00;60.00;13.00;0.00;13.00;47.00;0.00;47.00;289.59;40.14;263.69;binary;;binary;3.19;2.75;0.56;0.45;0.42;0.03;0.00;0.00;0.00;0.00;0.00;0.00;nill;;nill;0.00;0.00;0.00;0.00;0.00;0.00;10.00;0.00;10.00;
MSER;;BRIEF;;Flann;;336x252;;336x252;305x229;;305x229;263.12;144.93;264.12;0.00;0.00;false;80.07;19.00;70.78;261.44;145.08;262.12;50.00;0.00;50.00;60.00;0.00;60.00;60.00;0.00;60.00;60.00;0.00;60.00;16.50;5.50;15.00;43.50;5.50;45.00;180.17;141.94;247.05;binary;;binary;13.67;6.18;12.75;0.12;0.09;0.04;0.00;0.00;0.00;0.00;0.00;0.00;nill;;nill;0.00;0.00;0.00;0.00;0.00;0.00;10.00;0.00;10.00;
MSER;;BRISK;;BF;;336x252;;336x252;305x229;;305x229;347.81;73.14;290.64;0.00;0.00;false;88.49;34.58;62.59;344.58;74.85;288.74;51.00;0.00;51.00;55.00;0.00;55.00;55.00;0.00;55.00;55.00;0.00;55.00;13.00;0.00;13.00;42.00;0.00;42.00;258.38;47.40;225.02;binary;;binary;3.35;2.73;0.77;0.33;0.30;0.03;0.00;0.00;0.00;0.00;0.00;0.00;nill;;nill;0.00;0.00;0.00;0.00;0.00;0.00;10.00;0.00;10.00;
MSER;;BRISK;;Flann;;336x252;;336x252;305x229;;305x229;256.15;139.10;231.81;0.00;0.00;false;67.99;13.98;63.87;251.87;138.56;229.13;51.00;0.00;51.00;55.00;0.00;55.00;55.00;0.00;55.00;55.00;0.00;55.00;15.50;4.50;14.00;39.50;4.50;41.00;172.02;129.28;212.07;binary;;binary;10.04;5.01;5.73;0.14;0.11;0.03;0.00;0.00;0.00;0.00;0.00;0.00;nill;;nill;0.00;0.00;0.00;0.00;0.00;0.00;10.00;0.00;10.00;
MSER;;FREAK;;BF;;336x252;;336x252;305x229;;305x229;140.55;35.27;121.63;0.00;0.00;false;74.70;18.82;65.52;138.74;35.28;118.87;26.00;0.00;26.00;38.00;0.00;38.00;38.00;0.00;38.00;38.00;0.00;38.00;13.00;0.00;13.00;25.00;0.00;25.00;71.15;26.16;51.20;binary;;binary;2.41;2.10;0.51;0.27;0.24;0.03;0.00;0.00;0.00;0.00;0.00;0.00;nill;;nill;0.00;0.00;0.00;0.00;0.00;0.00;10.00;0.00;10.00;
MSER;;FREAK;;Flann;;336x252;;336x252;305x229;;305x229;101.64;30.07;79.06;0.00;0.00;false;70.21;12.49;62.70;100.13;30.03;77.88;26.00;0.00;26.00;38.00;0.00;38.00;38.00;0.00;38.00;38.00;0.00;38.00;21.50;8.50;22.00;16.50;8.50;16.00;30.77;28.62;4.44;binary;;binary;10.83;5.07;6.2;0.06;0.03;0.03;0.00;0.00;0.00;0.00;0.00;0.00;nill;;nill;0.00;0.00;0.00;0.00;0.00;0.00;10.00;0.00;10.00;
MSER;;ORB;;BF;;336x252;;336x252;305x229;;305x229;428.56;95.09;360.32;0.00;0.00;false;107.27;30.09;83.96;426.59;94.63;357.47;47.00;0.00;47.00;60.00;0.00;60.00;60.00;0.00;60.00;60.00;0.00;60.00;11.00;0.00;11.00;49.00;0.00;49.00;331.04;77.41;270.75;binary;;binary;3.04;2.61;0.59;0.86;0.83;0.04;0.00;0.00;0.00;0.00;0.00;0.00;nill;;nill;0.00;0.00;0.00;0.00;0.00;0.00;10.00;0.00;10.00;
MSER;;ORB;;Flann;;336x252;;336x252;305x229;;305x229;314.76;166.14;288.21;0.00;0.00;false;93.25;15.62;83.71;313.12;166.01;286.41;47.00;0.00;47.00;60.00;0.00;60.00;60.00;0.00;60.00;60.00;0.00;60.00;15.50;4.50;15.00;44.50;4.50;45.00;211.37;159.39;229.24;binary;;binary;15.55;7.98;12.19;0.10;0.07;0.03;0.00;0.00;0.00;0.00;0.00;0.00;nill;;nill;0.00;0.00;0.00;0.00;0.00;0.00;10.00;0.00;10.00;
MSER;;SIFT;;BF;;336x252;;336x252;305x229;;305x229;819.13;106.41;731.74;0.00;0.00;false;811.32;107.41;726.19;817.53;106.44;730.06;72.00;0.00;72.00;65.00;0.00;65.00;0.00;0.00;0.00;0.00;0.00;0.00;0.00;0.00;0.00;0.00;0.00;0.00;0.00;0.00;0.00;float;;float;8.93;5.98;3.98;0.00;0.00;0.00;0.00;0.00;0.00;0.00;0.00;0.00;nill;;nill;0.00;0.00;0.00;0.00;0.00;0.00;10.00;0.00;10.00;
MSER;;SIFT;;Flann;;336x252;;336x252;305x229;;305x229;876.04;155.89;742.55;0.00;0.00;false;862.73;154.75;732.33;873.79;156.45;741.05;72.00;0.00;72.00;65.00;0.00;65.00;0.50;0.50;0.00;0.50;0.50;0.00;0.00;0.00;0.00;0.00;0.00;0.00;0.00;0.00;0.00;float;;float;12.22;5.83;6.61;0.00;0.00;0.00;0.00;0.00;0.00;0.00;0.00;0.00;nill;;nill;0.00;0.00;0.00;0.00;0.00;0.00;10.00;0.00;10.00;
MSER;;SURF;;BF;;336x252;;336x252;305x229;;305x229;381.81;46.95;363.61;0.00;0.00;false;370.66;45.16;352.16;379.70;47.38;360.43;72.00;0.00;72.00;65.00;0.00;65.00;8.00;0.00;8.00;8.00;0.00;8.00;6.00;0.00;6.00;2.00;0.00;2.00;5.61;3.44;3.55;float;;float;6.81;3.71;3.38;0.00;0.00;0.00;0.00;0.00;0.00;0.00;0.00;0.00;nill;;nill;0.00;0.00;0.00;0.00;0.00;0.00;10.00;0.00;10.00;
MSER;;SURF;;Flann;;336x252;;336x252;305x229;;305x229;381.52;40.55;367.73;0.00;0.00;false;368.19;41.36;355.13;379.68;40.51;364.74;72.00;0.00;72.00;65.00;0.00;65.00;7.50;1.50;8.00;7.50;1.50;8.00;5.50;0.50;6.00;2.00;1.00;2.00;4.65;2.83;2.17;float;;float;9.48;2.94;6.67;0.00;0.00;0.00;0.00;0.00;0.00;0.00;0.00;0.00;nill;;nill;0.00;0.00;0.00;0.00;0.00;0.00;10.00;0.00;10.00;
ORB;;AKAZE;;BF;;336x252;;336x252;305x229;;305x229;365.90;8.86;366.94;1.00;1.00;true;172.53;7.45;172.28;363.75;9.80;365.21;157.00;0.00;157.00;161.00;0.00;161.00;161.00;0.00;161.00;161.00;0.00;161.00;20.00;0.00;20.00;141.00;0.00;141.00;186.60;7.93;188.29;binary;;binary;5.23;2.24;3.95;0.10;0.08;0.03;0.00;0.00;0.00;0.00;0.00;0.00;nill;;nill;0.00;0.00;0.00;0.00;0.00;0.00;10.00;0.00;10.00;
ORB;;AKAZE;;Flann;;336x252;;336x252;305x229;;305x229;388.63;33.77;374.26;0.69;0.69;true;182.85;19.77;170.19;385.87;32.09;371.98;157.00;0.00;157.00;161.00;0.00;161.00;161.00;0.00;161.00;161.00;0.00;161.00;16.00;7.00;16.00;145.00;7.00;145.00;189.95;16.30;181.79;binary;;binary;18.75;5.81;16.90;0.05;0.05;0.03;0.00;0.00;0.00;0.00;0.00;0.00;nill;;nill;0.00;0.00;0.00;0.00;0.00;0.00;10.00;0.00;10.00;
ORB;;BRIEF;;BF;;336x252;;336x252;305x229;;305x229;470.72;104.90;402.12;0.00;0.00;false;36.32;11.80;32.17;465.19;104.44;398.88;430.00;0.00;430.00;463.00;0.00;463.00;463.00;0.00;463.00;463.00;0.00;463.00;33.00;0.00;33.00;430.00;0.00;430.00;405.00;93.72;344.43;binary;;binary;32.16;14.44;23.69;0.08;0.05;0.03;0.00;0.00;0.00;0.00;0.00;0.00;nill;;nill;0.00;0.00;0.00;0.00;0.00;0.00;10.00;0.00;10.00;
ORB;;BRIEF;;Flann;;336x252;;336x252;305x229;;305x229;488.43;87.79;434.12;0.00;0.00;false;35.73;10.52;31.92;484.97;89.49;431.88;430.00;0.00;430.00;463.00;0.00;463.00;463.00;0.00;463.00;463.00;0.00;463.00;28.50;5.50;29.00;434.50;5.50;434.00;379.12;74.94;328.76;binary;;binary;70.99;13.11;64.65;0.15;0.12;0.03;0.00;0.00;0.00;0.00;0.00;0.00;nill;;nill;0.00;0.00;0.00;0.00;0.00;0.00;10.00;0.00;10.00;
ORB;;BRISK;;BF;;336x252;;336x252;305x229;;305x229;236.18;23.75;232.98;1.00;1.00;true;24.61;10.85;18.53;234.56;23.83;231.19;203.00;0.00;203.00;272.00;0.00;272.00;272.00;0.00;272.00;272.00;0.00;272.00;36.00;0.00;36.00;236.00;0.00;236.00;200.68;14.49;202.12;binary;;binary;11.78;5.12;6.99;0.07;0.05;0.03;0.00;0.00;0.00;0.00;0.00;0.00;nill;;nill;0.00;0.00;0.00;0.00;0.00;0.00;10.00;0.00;10.00;
ORB;;BRISK;;Flann;;336x252;;336x252;305x229;;305x229;254.97;27.24;241.10;0.71;0.71;true;19.95;4.35;17.86;253.46;27.32;239.41;203.00;0.00;203.00;272.00;0.00;272.00;272.00;0.00;272.00;272.00;0.00;272.00;26.00;10.00;25.00;246.00;10.00;247.00;204.65;22.89;191.09;binary;;binary;28.30;5.50;29.05;0.10;0.07;0.03;0.00;0.00;0.00;0.00;0.00;0.00;nill;;nill;0.00;0.00;0.00;0.00;0.00;0.00;10.00;0.00;10.00;
ORB;;FREAK;;BF;;336x252;;336x252;305x229;;305x229;263.79;23.91;250.92;0.00;0.00;false;23.76;11.87;17.26;259.58;25.46;249.03;281.00;0.00;281.00;379.00;0.00;379.00;379.00;0.00;379.00;379.00;0.00;379.00;36.00;0.00;36.00;343.00;0.00;343.00;227.77;24.02;214.58;binary;;binary;18.52;5.87;16.89;0.62;0.60;0.03;0.00;0.00;0.00;0.00;0.00;0.00;nill;;nill;0.00;0.00;0.00;0.00;0.00;0.00;10.00;0.00;10.00;
ORB;;FREAK;;Flann;;336x252;;336x252;305x229;;305x229;267.56;22.42;263.92;0.00;0.00;false;20.57;6.82;17.50;265.05;21.09;262.36;281.00;0.00;281.00;379.00;0.00;379.00;379.00;0.00;379.00;379.00;0.00;379.00;43.50;13.50;40.00;335.50;13.50;339.00;210.48;18.91;202.75;binary;;binary;40.65;8.27;39.75;0.12;0.09;0.03;0.00;0.00;0.00;0.00;0.00;0.00;nill;;nill;0.00;0.00;0.00;0.00;0.00;0.00;10.00;0.00;10.00;
ORB;;ORB;;BF;;336x252;;336x252;305x229;;305x229;563.83;113.21;522.20;1.00;1.00;true;183.17;42.30;158.12;561.35;112.95;518.62;430.00;0.00;430.00;463.00;0.00;463.00;463.00;0.00;463.00;463.00;0.00;463.00;40.00;0.00;40.00;423.00;0.00;423.00;356.74;70.89;332.43;binary;;binary;33.24;14.94;24.26;0.30;0.27;0.04;0.00;0.00;0.00;0.00;0.00;0.00;nill;;nill;0.00;0.00;0.00;0.00;0.00;0.00;10.00;0.00;10.00;
ORB;;ORB;;Flann;;336x252;;336x252;305x229;;305x229;602.52;71.26;555.58;0.96;0.96;true;184.30;37.95;159.86;599.26;69.63;552.60;430.00;0.00;430.00;463.00;0.00;463.00;463.00;0.00;463.00;463.00;0.00;463.00;48.00;24.00;38.00;415.00;24.00;425.00;354.85;46.96;326.26;binary;;binary;72.91;14.49;67.80;0.08;0.05;0.03;0.00;0.00;0.00;0.00;0.00;0.00;nill;;nill;0.00;0.00;0.00;0.00;0.00;0.00;10.00;0.00;10.00;
ORB;;SIFT;;BF;;336x252;;336x252;305x229;;305x229;3422.95;992.86;3900.69;0.00;0.00;false;3242.92;950.98;3705.97;3419.91;994.03;3897.15;430.00;0.00;430.00;463.00;0.00;463.00;31.00;0.00;31.00;31.00;0.00;31.00;11.00;0.00;11.00;20.00;0.00;20.00;56.47;29.42;45.06;float;;float;139.94;45.25;151.2;0.21;0.19;0.03;0.00;0.00;0.00;0.00;0.00;0.00;nill;;nill;0.00;0.00;0.00;0.00;0.00;0.00;10.00;0.00;10.00;
ORB;;SIFT;;Flann;;336x252;;336x252;305x229;;305x229;3816.62;1415.12;3931.89;0.04;0.04;false;3640.23;1334.87;3729.65;3811.81;1413.98;3929.76;430.00;0.00;430.00;463.00;0.00;463.00;39.50;9.50;38.00;39.50;9.50;38.00;11.50;2.50;12.00;28.50;9.50;26.00;200.31;168.75;51.11;float;;float;74.20;31.82;71.35;0.53;0.53;0.04;0.00;0.00;0.00;0.00;0.00;0.00;nill;;nill;0.00;0.00;0.00;0.00;0.00;0.00;10.00;0.00;10.00;
ORB;;SURF;;BF;;336x252;;336x252;305x229;;305x229;2667.11;330.01;2742.64;1.00;1.00;true;2560.32;320.15;2619.49;2665.1;329.65;2740.51;430.00;0.00;430.00;463.00;0.00;463.00;20.00;0.00;20.00;20.00;0.00;20.00;15.00;0.00;15.00;5.00;0.00;5.00;4.13;2.17;2.64;float;;float;121.07;32.66;115.30;0.05;0.03;0.03;0.00;0.00;0.00;0.00;0.00;0.00;nill;;nill;0.00;0.00;0.00;0.00;0.00;0.00;10.00;0.00;10.00;
ORB;;SURF;;Flann;;336x252;;336x252;305x229;;305x229;2561.63;270.88;2659.89;1.00;1.00;true;2512.45;269.99;2599.04;2559.54;270.54;2656.72;430.00;0.00;430.00;463.00;0.00;463.00;24.50;5.50;25.00;24.50;5.50;25.00;17.00;6.00;16.00;8.50;4.50;7.00;7.29;5.37;4.33;float;;float;55.71;15.80;49.21;0.09;0.07;0.03;0.00;0.00;0.00;0.00;0.00;0.00;nill;;nill;0.00;0.00;0.00;0.00;0.00;0.00;10.00;0.00;10.00;
SIFT;;AKAZE;;BF;;336x252;;336x252;305x229;;305x229;671.64;80.49;651.60;1.00;1.00;true;471.81;67.96;447.10;670.04;80.64;650.12;157.00;0.00;157.00;161.00;0.00;161.00;161.00;0.00;161.00;161.00;0.00;161.00;20.00;0.00;20.00;141.00;0.00;141.00;234.01;62.55;186.17;binary;;binary;7.02;4.02;3.98;0.11;0.08;0.04;0.00;0.00;0.00;0.00;0.00;0.00;nill;;nill;0.00;0.00;0.00;0.00;0.00;0.00;10.00;0.00;10.00;
SIFT;;AKAZE;;Flann;;336x252;;336x252;305x229;;305x229;1082.09;212.87;882.85;0.77;0.77;true;723.56;154.49;591.26;1077.64;212.76;879.46;157.00;0.00;157.00;161.00;0.00;161.00;161.00;0.00;161.00;161.00;0.00;161.00;14.50;5.50;16.00;146.50;5.50;145.00;322.30;66.42;277.56;binary;;binary;27.51;7.36;23.50;0.36;0.36;0.04;0.00;0.00;0.00;0.00;0.00;0.00;nill;;nill;0.00;0.00;0.00;0.00;0.00;0.00;10.00;0.00;10.00;
SIFT;;BRIEF;;BF;;336x252;;336x252;305x229;;305x229;511.38;54.31;500.68;0.00;0.00;false;295.72;41.68;268.10;509.83;54.02;498.69;327.00;0.00;327.00;341.00;0.00;341.00;341.00;0.00;341.00;341.00;0.00;341.00;34.00;0.00;34.00;307.00;0.00;307.00;224.79;37.97;199.39;binary;;binary;10.87;3.64;7.25;0.11;0.08;0.04;0.00;0.00;0.00;0.00;0.00;0.00;nill;;nill;0.00;0.00;0.00;0.00;0.00;0.00;10.00;0.00;10.00;
SIFT;;BRIEF;;Flann;;336x252;;336x252;305x229;;305x229;807.47;122.13;773.26;0.00;0.00;false;437.65;78.68;401.71;801.59;122.45;771.01;327.00;0.00;327.00;341.00;0.00;341.00;341.00;0.00;341.00;341.00;0.00;341.00;33.00;8.00;32.00;308.00;8.00;309.00;334.12;65.28;313.24;binary;;binary;71.42;30.92;47.87;0.09;0.05;0.04;0.00;0.00;0.00;0.00;0.00;0.00;nill;;nill;0.00;0.00;0.00;0.00;0.00;0.00;10.00;0.00;10.00;
SIFT;;BRISK;;BF;;336x252;;336x252;305x229;;305x229;833.97;122.97;877.32;0.00;0.00;false;464.41;101.52;450.40;831.67;123.26;875.18;370.00;0.00;370.00;375.00;0.00;375.00;375.00;0.00;375.00;375.00;0.00;375.00;16.00;0.00;16.00;359.00;0.00;359.00;387.49;89.82;362.54;binary;;binary;55.19;28.62;32.55;1.46;1.42;0.05;0.00;0.00;0.00;0.00;0.00;0.00;nill;;nill;0.00;0.00;0.00;0.00;0.00;0.00;10.00;0.00;10.00;
SIFT;;BRISK;;Flann;;336x252;;336x252;305x229;;305x229;828.60;134.83;748.85;0.00;0.00;false;427.56;77.51;374.30;824.26;132.90;746.55;370.00;0.00;370.00;375.00;0.00;375.00;375.00;0.00;375.00;375.00;0.00;375.00;15.00;5.00;13.00;360.00;5.00;362.00;363.56;80.53;309.73;binary;;binary;61.75;12.56;54.27;0.09;0.06;0.04;0.00;0.00;0.00;0.00;0.00;0.00;nill;;nill;0.00;0.00;0.00;0.00;0.00;0.00;10.00;0.00;10.00;
SIFT;;FREAK;;BF;;336x252;;336x252;305x229;;305x229;701.31;250.42;729.22;0.00;0.00;false;401.32;144.13;414.90;699.21;249.72;726.8;150.00;0.00;150.00;198.00;0.00;198.00;198.00;0.00;198.00;198.00;0.00;198.00;28.00;0.00;28.00;170.00;0.00;170.00;314.57;129.39;303.11;binary;;binary;13.93;9.98;6.16;0.12;0.08;0.05;0.00;0.00;0.00;0.00;0.00;0.00;nill;;nill;0.00;0.00;0.00;0.00;0.00;0.00;10.00;0.00;10.00;
SIFT;;FREAK;;Flann;;336x252;;336x252;305x229;;305x229;790.22;135.54;711.22;0.00;0.00;false;452.17;91.43;389.08;787.80;135.69;709.53;150.00;0.00;150.00;198.00;0.00;198.00;198.00;0.00;198.00;198.00;0.00;198.00;34.00;8.00;30.00;164.00;8.00;168.00;329.61;67.84;285.10;binary;;binary;30.46;7.81;27.23;0.11;0.08;0.04;0.00;0.00;0.00;0.00;0.00;0.00;nill;;nill;0.00;0.00;0.00;0.00;0.00;0.00;10.00;0.00;10.00;
SIFT;;ORB;;BF;;336x252;;336x252;305x229;;305x229;2.91;1.75;1.30;0.00;0.00;false;0.10;0.06;0.05;0.34;0.21;0.14;0.00;0.00;0.00;0.00;0.00;0.00;0.00;0.00;0.00;0.00;0.00;0.00;0.00;0.00;0.00;0.00;0.00;0.00;0.00;0.00;0.00;nill;;nill;0.00;0.00;0.00;0.00;0.00;0.00;0.00;0.00;0.00;0.00;0.00;0.00;nill;;nill;0.00;0.00;0.00;0.00;0.00;0.00;10.00;0.00;10.00;
SIFT;;ORB;;FLANN;;336x252;;336x252;305x229;;305x229;3.56;1.97;1.99;0.00;0.00;false;0.11;0.07;0.05;1.06;0.92;0.16;0.00;0.00;0.00;0.00;0.00;0.00;0.00;0.00;0.00;0.00;0.00;0.00;0.00;0.00;0.00;0.00;0.00;0.00;0.00;0.00;0.00;nill;;nill;0.00;0.00;0.00;0.00;0.00;0.00;0.00;0.00;0.00;0.00;0.00;0.00;nill;;nill;0.00;0.00;0.00;0.00;0.00;0.00;10.00;0.00;10.00;
SIFT;;SIFT;;BF;;336x252;;336x252;305x229;;305x229;831.11;145.47;755.89;1.00;1.00;true;740.66;141.35;666.44;829.76;145.35;754.60;400.00;0.00;400.00;400.00;0.00;400.00;47.00;0.00;47.00;47.00;0.00;47.00;28.00;0.00;28.00;19.00;0.00;19.00;13.28;8.89;4.99;float;;float;105.46;37.63;76.20;0.10;0.08;0.03;0.00;0.00;0.00;0.00;0.00;0.00;nill;;nill;0.00;0.00;0.00;0.00;0.00;0.00;10.00;0.00;10.00;
SIFT;;SIFT;;Flann;;336x252;;336x252;305x229;;305x229;932.35;275.71;1074.16;1.00;1.00;true;875.74;264.12;920.87;930;275.06;1081.81;400.00;0.00;400.00;400.00;0.00;400.00;49.50;3.50;49.00;49.50;3.50;49.00;28.50;1.50;29.00;21.00;5.00;20.00;12.59;9.63;5.48;float;;float;81.6;46.74;52.94;0.61;0.58;0.04;0.00;0.00;0.00;0.00;0.00;0.00;nill;;nill;0.00;0.00;0.00;0.00;0.00;0.00;10.00;0.00;10.00;
SIFT;;SURF;;BF;;336x252;;336x252;305x229;;305x229;980.61;76.84;933.75;0.00;0.00;false;875.45;75.01;854.72;979;76.75;932.12;400.00;0.00;400.00;400.00;0.00;400.00;25.00;0.00;25.00;25.00;0.00;25.00;9.00;0.00;9.00;16.00;0.00;16.00;39.45;15.53;26.34;float;;float;87.94;17.93;73.39;0.00;0.00;0.00;0.00;0.00;0.00;0.00;0.00;0.00;nill;;nill;0.00;0.00;0.00;0.00;0.00;0.00;10.00;0.00;10.00;
SIFT;;SURF;;Flann;;336x252;;336x252;305x229;;305x229;1346.26;104.65;1297.83;0.00;0.00;false;1230.77;83.22;1190.11;1343.10;103.38;1295.41;400.00;0.00;400.00;400.00;0.00;400.00;27.50;4.50;27.00;27.50;4.50;27.00;9.50;0.50;9.00;18.50;4.50;18.00;60.24;35.62;49.52;float;;float;52.56;4.93;54.51;0.03;0.03;0.00;0.00;0.00;0.00;0.00;0.00;0.00;nill;;nill;0.00;0.00;0.00;0.00;0.00;0.00;10.00;0.00;10.00;
STAR;;AKAZE;;BF;;336x252;;336x252;305x229;;305x229;859.79;140.42;917.76;1.00;1.00;true;389.98;63.91;417.19;857.16;140.15;916.74;157.00;0.00;157.00;161.00;0.00;161.00;161.00;0.00;161.00;161.00;0.00;161.00;20.00;0.00;20.00;141.00;0.00;141.00;459.21;91.55;486.52;binary;;binary;12.05;6.16;6.05;0.16;0.12;0.05;0.00;0.00;0.00;0.00;0.00;0.00;nill;;nill;0.00;0.00;0.00;0.00;0.00;0.00;10.00;0.00;10.00;
STAR;;AKAZE;;Flann;;336x252;;336x252;305x229;;305x229;656.72;150.57;579.04;0.66;0.66;true;306.45;76.59;259.94;654.78;150.43;575.33;157.00;0.00;157.00;161.00;0.00;161.00;161.00;0.00;161.00;161.00;0.00;161.00;17.00;9.00;16.00;144.00;9.00;146.00;332.84;81.88;290.96;binary;;binary;30.09;9.87;23;0.73;0.73;0.03;0.00;0.00;0.00;0.00;0.00;0.00;nill;;nill;0.00;0.00;0.00;0.00;0.00;0.00;10.00;0.00;10.00;
STAR;;BRIEF;;BF;;336x252;;336x252;305x229;;305x229;264.77;25.03;254.15;0.00;0.00;false;39.34;11.02;36.01;259.82;24.09;251.18;24.00;0.00;24.00;22.00;0.00;22.00;22.00;0.00;22.00;22.00;0.00;22.00;6.00;0.00;6.00;16.00;0.00;16.00;222.96;25.65;214.07;binary;;binary;1.58;1.28;0.51;0.00;0.00;0.00;0.00;0.00;0.00;0.00;0.00;0.00;nill;;nill;0.00;0.00;0.00;0.00;0.00;0.00;10.00;0.00;10.00;
STAR;;BRIEF;;Flann;;336x252;;336x252;305x229;;305x229;168.89;120.48;63.64;0.00;0.00;false;31.18;6.77;29.75;165.15;120.12;62.31;24.00;0.00;24.00;22.00;0.00;22.00;22.00;0.00;22.00;22.00;0.00;22.00;10.00;4.00;12.00;12.00;4.00;12.00;128.95;119.77;27.4;binary;;binary;17.57;11.3;13.40;0.14;0.14;0.04;0.00;0.00;0.00;0.00;0.00;0.00;nill;;nill;0.00;0.00;0.00;0.00;0.00;0.00;10.00;0.00;10.00;
STAR;;BRISK;;BF;;336x252;;336x252;305x229;;305x229;86.38;10.17;83.10;0.00;0.00;false;31.04;4.90;31.88;82.30;8.87;79.29;24.00;0.00;24.00;22.00;0.00;22.00;22.00;0.00;22.00;22.00;0.00;22.00;9.00;0.00;9.00;13.00;0.00;13.00;48.14;8.23;46.39;binary;;binary;4.73;4.39;0.62;0.00;0.00;0.00;0.00;0.00;0.00;0.00;0.00;0.00;nill;;nill;0.00;0.00;0.00;0.00;0.00;0.00;10.00;0.00;10.00;
STAR;;BRISK;;Flann;;336x252;;336x252;305x229;;305x229;124.56;94.47;60.31;0.00;0.00;false;25.66;6.88;22.68;121.21;92.98;58.56;24.00;0.00;24.00;22.00;0.00;22.00;22.00;0.00;22.00;22.00;0.00;22.00;10.00;4.00;7.00;12.00;4.00;13.00;95.97;90.22;31.70;binary;;binary;11.86;8.65;4.07;0.14;0.14;0.00;0.00;0.00;0.00;0.00;0.00;0.00;nill;;nill;0.00;0.00;0.00;0.00;0.00;0.00;10.00;0.00;10.00;
STAR;;FREAK;;BF;;336x252;;336x252;305x229;;305x229;277.05;26.57;274.53;0.00;0.00;false;40.12;9.56;36.81;271.08;26.89;270.95;24.00;0.00;24.00;22.00;0.00;22.00;22.00;0.00;22.00;22.00;0.00;22.00;6.00;0.00;6.00;16.00;0.00;16.00;235.02;25.63;230.79;binary;;binary;3.35;3.00;0.62;0.00;0.00;0.00;0.00;0.00;0.00;0.00;0.00;0.00;nill;;nill;0.00;0.00;0.00;0.00;0.00;0.00;10.00;0.00;10.00;
STAR;;FREAK;;Flann;;336x252;;336x252;305x229;;305x229;91.85;52.76;57.65;0.00;0.00;false;24.81;8.64;22.38;89.85;52.81;54.71;24.00;0.00;24.00;22.00;0.00;22.00;22.00;0.00;22.00;22.00;0.00;22.00;9.50;3.50;6.00;12.50;3.50;13.00;62.31;56.40;27.08;binary;;binary;8.03;4.49;5.42;0.04;0.04;0.00;0.00;0.00;0.00;0.00;0.00;0.00;nill;;nill;0.00;0.00;0.00;0.00;0.00;0.00;10.00;0.00;10.00;
STAR;;ORB;;BF;;336x252;;336x252;305x229;;305x229;183.14;22.34;177.71;0.00;0.00;false;59.00;14.15;52.35;178.56;21.65;173.67;24.00;0.00;24.00;22.00;0.00;22.00;22.00;0.00;22.00;22.00;0.00;22.00;7.00;0.00;7.00;15.00;0.00;15.00;123.94;16.53;119.64;binary;;binary;3.10;2.81;0.52;0.00;0.00;0.00;0.00;0.00;0.00;0.00;0.00;0.00;nill;;nill;0.00;0.00;0.00;0.00;0.00;0.00;10.00;0.00;10.00;
STAR;;ORB;;Flann;;336x252;;336x252;305x229;;305x229;175.87;115.36;63.51;0.00;0.00;false;51.32;12.86;43.39;173.56;115.57;61.12;24.00;0.00;24.00;22.00;0.00;22.00;22.00;0.00;22.00;22.00;0.00;22.00;10.00;5.00;6.00;12.00;5.00;14.00;114.28;109.32;35.21;binary;;binary;11.45;4.81;14.04;0.06;0.06;0.00;0.00;0.00;0.00;0.00;0.00;0.00;nill;;nill;0.00;0.00;0.00;0.00;0.00;0.00;10.00;0.00;10.00;
STAR;;SIFT;;BF;;336x252;;336x252;305x229;;305x229;158.71;75.24;216.72;0.00;0.00;false;155.62;74.67;211.97;156.81;74.54;213.64;24.00;0.00;24.00;22.00;0.00;22.00;0.00;0.00;0.00;0.00;0.00;0.00;0.00;0.00;0.00;0.00;0.00;0.00;0.00;0.00;0.00;float;;float;3.83;3.49;1.02;0.00;0.00;0.00;0.00;0.00;0.00;0.00;0.00;0.00;nill;;nill;0.00;0.00;0.00;0.00;0.00;0.00;10.00;0.00;10.00;
STAR;;SIFT;;Flann;;336x252;;336x252;305x229;;305x229;196.33;27.87;181.29;0.00;0.00;false;191.08;27.74;174.68;194.14;27.71;178.65;24.00;0.00;24.00;22.00;0.00;22.00;0.00;0.00;0.00;0.00;0.00;0.00;0.00;0.00;0.00;0.00;0.00;0.00;0.00;0.00;0.00;float;;float;4.96;2.41;2.67;0.00;0.00;0.00;0.00;0.00;0.00;0.00;0.00;0.00;nill;;nill;0.00;0.00;0.00;0.00;0.00;0.00;10.00;0.00;10.00;
STAR;;SURF;;BF;;336x252;;336x252;305x229;;305x229;138.20;16.04;130.59;0.00;0.00;false;131.28;15.32;124.43;133.24;15.00;127.42;24.00;0.00;24.00;22.00;0.00;22.00;1.00;0.00;1.00;1.00;0.00;1.00;0.00;0.00;0.00;0.00;0.00;0.00;0.00;0.00;0.00;float;;float;4.49;3.76;1.35;0.00;0.00;0.00;0.00;0.00;0.00;0.00;0.00;0.00;nill;;nill;0.00;0.00;0.00;0.00;0.00;0.00;10.00;0.00;10.00;
STAR;;SURF;;Flann;;336x252;;336x252;305x229;;305x229;108.11;7.87;106.89;0.00;0.00;false;102.57;8.13;103.68;105.71;7.86;104.46;24.00;0.00;24.00;22.00;0.00;22.00;1.00;0.00;1.00;1.00;0.00;1.00;0.00;0.00;0.00;0.00;0.00;0.00;0.00;0.00;0.00;float;;float;5.20;2.60;2.73;0.00;0.00;0.00;0.00;0.00;0.00;0.00;0.00;0.00;nill;;nill;0.00;0.00;0.00;0.00;0.00;0.00;10.00;0.00;10.00;
SURF;;AKAZE;;BF;;336x252;;336x252;305x229;;305x229;628.49;48.86;596.05;1.00;1.00;true;417.48;22.66;409.07;626.98;48.82;594.57;157.00;0.00;157.00;161.00;0.00;161.00;161.00;0.00;161.00;161.00;0.00;161.00;20.00;0.00;20.00;141.00;0.00;141.00;201.60;29.37;180.29;binary;;binary;5.26;2.27;3.60;0.06;0.04;0.03;0.00;0.00;0.00;0.00;0.00;0.00;nill;;nill;0.00;0.00;0.00;0.00;0.00;0.00;10.00;0.00;10.00;
SURF;;AKAZE;;Flann;;336x252;;336x252;305x229;;305x229;1016.42;45.12;1032.94;0.71;0.71;true;668.26;30.16;659.38;1014;45.02;1038.14;157.00;0.00;157.00;161.00;0.00;161.00;161.00;0.00;161.00;161.00;0.00;161.00;15.00;6.00;16.00;146.00;6.00;145.00;345.40;47.22;318.20;binary;;binary;25.94;3.41;24.98;0.07;0.07;0.04;0.00;0.00;0.00;0.00;0.00;0.00;nill;;nill;0.00;0.00;0.00;0.00;0.00;0.00;10.00;0.00;10.00;
SURF;;BRIEF;;BF;;336x252;;336x252;305x229;;305x229;668.99;42.57;650.94;0.00;0.00;false;370.03;28.40;355.32;666.19;42.86;647.60;151.00;0.00;151.00;197.00;0.00;197.00;197.00;0.00;197.00;197.00;0.00;197.00;40.00;0.00;40.00;157.00;0.00;157.00;296.26;29.83;287.56;binary;;binary;5.94;2.70;3.88;0.10;0.07;0.03;0.00;0.00;0.00;0.00;0.00;0.00;nill;;nill;0.00;0.00;0.00;0.00;0.00;0.00;10.00;0.00;10.00;
SURF;;BRIEF;;Flann;;336x252;;336x252;305x229;;305x229;946.69;42.59;942.57;0.00;0.00;false;513.67;35.17;496.88;942.46;40.48;939.51;151.00;0.00;151.00;197.00;0.00;197.00;197.00;0.00;197.00;197.00;0.00;197.00;35.50;8.50;38.00;161.50;8.50;159.00;399.52;26.26;399.49;binary;;binary;44.61;10.31;42.29;1.16;1.12;0.04;0.00;0.00;0.00;0.00;0.00;0.00;nill;;nill;0.00;0.00;0.00;0.00;0.00;0.00;10.00;0.00;10.00;
SURF;;BRISK;;BF;;336x252;;336x252;305x229;;305x229;464.92;49.17;432.50;0.00;0.00;false;273.88;41.36;238.37;463.58;49.15;430.78;130.00;0.00;130.00;159.00;0.00;159.00;159.00;0.00;159.00;159.00;0.00;159.00;11.00;0.00;11.00;148.00;0.00;148.00;190.73;14.94;185.71;binary;;binary;5.56;2.57;3.50;0.21;0.19;0.03;0.00;0.00;0.00;0.00;0.00;0.00;nill;;nill;0.00;0.00;0.00;0.00;0.00;0.00;10.00;0.00;10.00;
SURF;;BRISK;;Flann;;336x252;;336x252;305x229;;305x229;767.90;47.85;742.59;0.15;0.15;false;413.24;26.16;403.89;765.56;47.82;739.97;130.00;0.00;130.00;159.00;0.00;159.00;159.00;0.00;159.00;159.00;0.00;159.00;17.50;6.50;15.00;141.50;6.50;144.00;325.15;27.76;309.34;binary;;binary;29.48;7.54;25.03;0.08;0.05;0.04;0.00;0.00;0.00;0.00;0.00;0.00;nill;;nill;0.00;0.00;0.00;0.00;0.00;0.00;10.00;0.00;10.00;
SURF;;FREAK;;BF;;336x252;;336x252;305x229;;305x229;461.87;43.41;432.10;0.00;0.00;false;275.94;39.50;243.91;459.06;42.95;430.33;75.00;0.00;75.00;96.00;0.00;96.00;96.00;0.00;96.00;96.00;0.00;96.00;18.00;0.00;18.00;78.00;0.00;78.00;197.32;23.62;181.47;binary;;binary;3.42;2.36;1.89;0.08;0.06;0.03;0.00;0.00;0.00;0.00;0.00;0.00;nill;;nill;0.00;0.00;0.00;0.00;0.00;0.00;10.00;0.00;10.00;
SURF;;FREAK;;Flann;;336x252;;336x252;305x229;;305x229;655.95;114.60;724.53;0.00;0.00;false;418.55;31.91;403.08;653.69;114.92;722.37;75.00;0.00;75.00;96.00;0.00;96.00;96.00;0.00;96.00;96.00;0.00;96.00;20.50;7.50;19.00;75.50;7.50;77.00;215.31;101.90;298.59;binary;;binary;21.45;9.80;18.58;0.10;0.07;0.04;0.00;0.00;0.00;0.00;0.00;0.00;nill;;nill;0.00;0.00;0.00;0.00;0.00;0.00;10.00;0.00;10.00;
SURF;;ORB;;BF;;336x252;;336x252;305x229;;305x229;738.37;76.92;710.43;0.00;0.00;false;442.96;54.52;420.37;736.43;77.02;708.83;149.00;0.00;149.00;189.00;0.00;189.00;189.00;0.00;189.00;189.00;0.00;189.00;13.00;0.00;13.00;176.00;0.00;176.00;302.23;43.08;279.32;binary;;binary;6.01;2.98;3.74;0.09;0.06;0.03;0.00;0.00;0.00;0.00;0.00;0.00;nill;;nill;0.00;0.00;0.00;0.00;0.00;0.00;10.00;0.00;10.00;
SURF;;ORB;;Flann;;336x252;;336x252;305x229;;305x229;942.42;125.07;1064.74;0.00;0.00;false;549.31;85.36;559.71;938.92;123.69;825.77;149.00;0.00;149.00;189.00;0.00;189.00;189.00;0.00;189.00;189.00;0.00;189.00;23.00;9.00;23.00;166.00;9.00;166.00;383.04;68.32;392.67;binary;;binary;38.62;10.08;40.36;0.20;0.17;0.04;0.00;0.00;0.00;0.00;0.00;0.00;nill;;nill;0.00;0.00;0.00;0.00;0.00;0.00;10.00;0.00;10.00;
SURF;;SIFT;;BF;;336x252;;336x252;305x229;;305x229;2026.75;249.22;1928.47;1.00;1.00;true;1968.33;247.05;1873.65;2024.66;249.32;1926.67;166.00;0.00;166.00;213.00;0.00;213.00;44.00;0.00;44.00;44.00;0.00;44.00;18.00;0.00;18.00;26.00;0.00;26.00;31.65;8.92;26.91;float;;float;41.34;19.49;28.45;0.08;0.05;0.03;0.00;0.00;0.00;0.00;0.00;0.00;nill;;nill;0.00;0.00;0.00;0.00;0.00;0.00;10.00;0.00;10.00;
SURF;;SIFT;;Flann;;336x252;;336x252;305x229;;305x229;1996.39;787.51;2522.08;1.00;1.00;true;1901.97;737.79;2421.81;1994.44;787.04;2519.69;166.00;0.00;166.00;213.00;0.00;213.00;47.50;4.50;47.00;47.50;4.50;47.00;16.50;2.50;16.00;31.00;5.00;31.00;86.13;66.88;48.43;float;;float;28.63;15.31;32.83;0.17;0.15;0.04;0.00;0.00;0.00;0.00;0.00;0.00;nill;;nill;0.00;0.00;0.00;0.00;0.00;0.00;10.00;0.00;10.00;
SURF;;SURF;;BF;;336x252;;336x252;305x229;;305x229;858.40;161.18;771.71;0.00;0.00;false;829.98;157.65;747.84;856.37;160.72;769.76;166.00;0.00;166.00;213.00;0.00;213.00;14.00;0.00;14.00;14.00;0.00;14.00;9.00;0.00;9.00;5.00;0.00;5.00;6.66;3.79;4.01;float;;float;21.84;6.20;19.57;0.00;0.00;0.00;0.00;0.00;0.00;0.00;0.00;0.00;nill;;nill;0.00;0.00;0.00;0.00;0.00;0.00;10.00;0.00;10.00;
SURF;;SURF;;Flann;;336x252;;336x252;305x229;;305x229;1174.80;19.03;1172.29;0.61;0.61;true;1136.85;20.19;1134.60;1172.50;18.60;1169.12;166.00;0.00;166.00;213.00;0.00;213.00;15.00;2.00;15.00;15.00;2.00;15.00;10.50;1.50;12.00;5.00;2.00;5.00;7.28;4.5;4.95;float;;float;29.53;4.43;28.95;0.15;0.15;0.03;0.00;0.00;0.00;0.00;0.00;0.00;nill;;nill;0.00;0.00;0.00;0.00;0.00;0.00;10.00;0.00;10.00;
